Title,First Published Date,Last Published Date,Slug,URL
Cafe Huhu,2020-11-07T02:51:33.469Z,2020-12-13T01:04:44.804Z,cafe-huhu,
Black Pearl Cafe,2020-11-07T03:25:22.603Z,2020-11-28T02:00:45.318Z,black-pearl-cafe,
Castle 789,2020-11-07T03:33:33.393Z,2021-01-29T08:03:09.778Z,castle-789,
Murray's Irish Public House,2020-11-07T03:39:32.674Z,2020-11-28T02:01:41.593Z,murray-s-irish-public-house,
Fresh Bowl,2020-11-14T01:50:26.610Z,2020-12-13T01:05:19.927Z,fresh-bowl,
The Fat Farmer,2020-11-14T01:56:15.711Z,2025-02-07T09:15:03.405Z,the-fat-farmer,
Little Savanna,2020-11-17T07:49:32.663Z,2021-12-07T08:04:37.260Z,little-savanna,
The Royal,2020-11-20T06:51:34.595Z,2026-01-17T08:23:03.753Z,the-royal,
Aberdeen on Broadway,2020-11-27T07:18:41.952Z,2021-03-19T08:45:33.219Z,aberdeen-on-broadway,
The Cooperage Cafe,2020-11-28T01:51:14.757Z,2020-11-28T01:51:14.757Z,the-cooperage-cafe,
Saigon Restaurant & Bar,2020-11-29T06:19:33.982Z,2020-12-27T23:33:15.989Z,saigon-restaurant-and-bar,
Nero Restaurant,2020-12-04T07:46:03.744Z,2020-12-13T01:06:23.207Z,nero-restaurant,
Yummy Mummy's Cheesecake,2020-12-05T06:41:31.289Z,2020-12-05T06:41:31.289Z,yummy-mummy-s-cheesecake,
O'Briens Irish Sandwich Cafe,2020-12-12T02:49:08.669Z,2020-12-13T01:06:38.162Z,o-briens-irish-sandwich-cafe,
Moxies Cafe,2020-12-13T00:44:18.668Z,2020-12-13T00:44:18.668Z,moxies-cafe,
The Bean Cafe,2020-12-18T06:03:15.033Z,2020-12-18T06:06:59.360Z,the-bean-cafe,
Shake Out,2020-12-19T03:48:19.895Z,2020-12-19T03:48:19.895Z,shake-out,
Master Bakery & Coffee Shop,2020-12-27T23:25:22.536Z,2020-12-27T23:25:22.536Z,master-bakery-coffee-shop,
Fast Food House,2020-12-31T01:00:42.198Z,2020-12-31T01:00:42.198Z,fast-food-house,
Brew Union,2021-01-01T01:11:51.128Z,2021-10-10T08:21:03.431Z,brew-union,
Angkor Wat Bakery & Cafe,2021-01-04T06:45:50.001Z,2021-01-04T06:45:50.001Z,angkor-wat-bakery-cafe,
Little India,2021-01-08T08:07:43.458Z,2021-05-09T09:18:44.828Z,little-india,
Local ,2021-01-10T04:13:13.253Z,2024-02-19T04:17:37.009Z,local,
Arranged Marriage,2021-01-14T03:38:18.174Z,2021-06-05T08:31:57.079Z,arranged-marriage,
Tikka Talks,2021-01-15T06:25:37.529Z,2021-01-15T06:25:37.529Z,tikka-talks,
Stage Door Cafe,2021-01-16T04:06:13.678Z,2021-01-16T04:06:13.678Z,stage-door-cafe,
Cafe Express,2021-01-22T07:48:19.846Z,2021-01-22T07:48:19.846Z,cafe-express,
Jumpstart Cafe,2021-01-23T21:07:06.935Z,2021-01-23T21:07:06.935Z,jumpstart-cafe,
The Coffee Club,2021-01-24T04:52:06.214Z,2021-01-24T04:52:06.214Z,the-coffee-club,
Tongariro Lodge,2021-01-24T06:23:14.675Z,2024-10-26T09:10:35.272Z,tongariro-lodge,
Rustic Steak House,2021-01-25T05:44:33.730Z,2021-01-25T05:44:33.730Z,rustic-steak-house,
Cloverlea Tavern,2021-01-29T07:56:46.133Z,2021-01-29T08:01:57.250Z,cloverlea-tavern,
Cafe Ignition,2021-01-30T04:42:33.491Z,2021-01-30T04:43:15.385Z,cafe-ignition,
Empire Sports & Garden Bar Restaurant,2021-02-05T05:58:16.167Z,2021-02-05T05:58:16.167Z,empire-sports-garden-bar-restaurant,
Orlando Country Club,2021-02-11T07:34:08.081Z,2021-02-11T08:24:31.505Z,orlando-country-club,
Der Metz,2021-02-11T07:47:17.962Z,2021-02-11T07:47:17.962Z,der-metz,
New York Grill,2021-02-11T07:52:11.250Z,2021-02-11T07:52:11.250Z,new-york-grill,
Soul Bar & Bistro,2021-02-11T08:03:31.034Z,2021-02-11T08:03:31.034Z,soul-bar-bistro,
Federal Delicatessen,2021-02-11T08:08:32.791Z,2023-07-19T07:13:50.118Z,federal-delicatessen,
Subway,2021-02-12T06:07:25.307Z,2021-02-12T06:07:25.307Z,subway,
4Flames,2021-02-19T07:19:03.404Z,2021-02-19T07:19:03.404Z,4flames,
Trio Cafe,2021-02-20T01:55:48.241Z,2021-02-20T01:55:48.241Z,trio-cafe,
The Ashhurst Inn,2021-02-27T05:52:18.872Z,2021-02-27T05:52:18.872Z,the-ashhurst-inn,
Mexico,2021-03-06T01:30:21.513Z,2023-04-21T08:15:13.543Z,mexico,
Burger King,2021-03-06T01:51:53.030Z,2021-03-06T02:07:06.394Z,burger-king,
Coffee on the Terrace,2021-03-06T02:02:11.486Z,2021-03-06T02:02:11.486Z,coffee-on-the-terrace,
Mission Estate Winery,2021-03-15T00:14:51.062Z,2021-03-15T00:14:51.062Z,mission-estate-winery,
Long Black Cafe,2021-03-15T00:42:50.457Z,2021-03-15T00:42:50.457Z,long-black-cafe,
Yatai Japanese Izakaya Restaurant,2021-03-19T08:56:06.892Z,2021-07-10T09:26:03.978Z,yatai-japanese-izakaya-restaurant,
Focal Point Cinema & Cafe ,2021-03-20T00:56:16.972Z,2021-03-20T00:56:16.972Z,focal-point-cinema-cafe,
Tasty Restaurant,2021-03-26T07:05:51.180Z,2021-03-26T07:05:51.180Z,tasty-restaurant,
Counter Culture,2021-04-05T01:10:53.560Z,2023-10-14T07:45:24.424Z,counter-culture,
Thai Chef's Restaurant,2021-04-05T01:27:13.841Z,2021-04-05T01:27:13.841Z,thai-chef-s-restaurant,
Burgerfuel,2021-04-05T01:33:35.600Z,2021-04-05T01:33:35.600Z,burgerfuel,
Noodles & Dumplings,2021-04-09T08:19:32.519Z,2022-01-07T06:27:55.644Z,noodles-dumplings,
Wendy's Hamburgers,2021-04-10T02:24:00.326Z,2026-01-17T08:26:57.365Z,wendy-s-hamburgers,
Cheltenham Hotel,2021-04-16T08:04:49.617Z,2021-04-16T08:09:33.779Z,cheltenham-hotel,
Gold Kebabs,2021-04-17T02:44:27.344Z,2021-04-17T02:44:27.344Z,gold-kebabs,
Indian Love Story,2021-04-23T07:52:08.544Z,2021-04-23T07:52:08.544Z,indian-love-story,
Red Lantern,2021-04-24T03:02:54.489Z,2021-04-24T03:02:54.489Z,red-lantern,
Bangkok Thai,2021-04-30T07:51:39.678Z,2021-04-30T07:51:39.678Z,bangkok-thai,
Shamiana,2021-05-02T03:36:59.389Z,2021-05-02T03:36:59.389Z,shamiana,
Essence Cafe & Bar,2021-05-03T06:00:36.156Z,2021-05-03T06:00:36.156Z,essence-cafe-bar,
Viva Cafe & Bar,2021-05-07T08:36:18.631Z,2026-01-17T08:25:48.400Z,viva-cafe-bar,
Columbus Coffee ,2021-05-08T02:20:08.771Z,2021-05-08T02:20:08.771Z,columbus-coffee,
Gengy's Mongolian BBQ Buffet,2021-05-14T08:43:32.956Z,2021-05-14T08:43:32.956Z,gengy-s-mongolian-bbq-buffet,
The Bees Knees Cafe,2021-05-15T02:46:22.702Z,2021-05-15T02:46:22.702Z,the-bees-knees-cafe,
Indian2nite,2021-05-21T08:59:31.052Z,2021-05-21T08:59:31.052Z,indian2nite,
 Cafe 116,2021-05-22T05:23:23.106Z,2021-05-22T05:23:23.106Z,cafe-116,
Angkor,2021-05-28T08:34:25.567Z,2021-05-28T08:34:25.567Z,angkor,
Kabbaba,2021-05-29T03:23:47.760Z,2021-05-29T03:23:47.760Z,kabbaba,
Rosie O'Grady's Irish Pub,2021-06-01T06:51:41.827Z,2021-06-01T06:52:47.835Z,rosie-o-grady-s,
Bing House,2021-06-06T02:52:22.453Z,2021-06-06T02:52:22.453Z,bing-house,
Jimmy Cook's Kiwi Kitchen,2021-06-11T07:37:23.704Z,2021-06-11T07:37:23.704Z,jimmy-cook-s-kiwi-kitchen,
Cyclista,2021-06-12T02:37:48.644Z,2021-06-12T02:37:48.644Z,cyclista,
Lina's,2021-06-18T08:12:54.367Z,2021-06-18T08:15:08.967Z,lina-s,
LA Bakery & Coffee Lounge,2021-06-19T02:44:04.884Z,2021-06-19T02:44:04.884Z,la-bakery-coffee-lounge,
La Patio Cafe & Bar,2021-06-20T09:47:11.311Z,2021-06-20T09:49:07.248Z,la-patio,
Pompeii Pizza,2021-06-25T07:07:24.656Z,2021-06-25T07:07:24.656Z,pompeii-pizza,
Robert Harris Cafe,2021-06-26T02:34:45.637Z,2021-06-26T02:34:45.637Z,robert-harris-cafe,
Asia Restaurant,2021-07-02T09:19:19.498Z,2021-07-03T07:29:34.172Z,asia-restaurant,
Cafe 40,2021-07-03T05:50:27.136Z,2021-07-03T05:50:27.136Z,cafe-40,
McDonald's,2021-07-07T07:30:36.451Z,2021-07-07T07:30:36.451Z,mcdonald-s,
Thai Orchid Restaurant,2021-07-09T07:41:49.727Z,2021-07-09T07:46:46.755Z,thai-orchid,
Double Shotz,2021-07-10T04:26:54.918Z,2021-07-10T09:18:04.255Z,double-shotz,
White Horse Inn,2021-07-23T09:59:11.055Z,2021-07-23T09:59:11.055Z,white-horse-inn,
Muffin Break,2021-07-24T02:17:03.006Z,2021-07-24T02:17:03.006Z,muffin-break,
Indian Flavours,2021-07-30T07:39:40.480Z,2021-07-30T07:39:40.480Z,indian-flavours,
The Black Dog Kitchen & Bar,2021-07-31T10:39:38.969Z,2021-07-31T10:39:38.969Z,the-black-dog-kitchen-bar,
Dunedin Social Club,2021-08-01T05:28:41.419Z,2021-08-01T05:28:41.419Z,dunedin-social-club,
Salt Bar & Restaurant,2021-08-01T08:24:11.833Z,2021-08-01T08:24:11.833Z,salt-bar-restaurant,
Sal's Authentic New York Pizza,2021-08-02T09:36:52.341Z,2021-08-02T09:36:52.341Z,sal-s-authentic-new-york-pizza,
Catlins Inn,2021-08-02T09:39:28.898Z,2021-08-02T09:39:28.898Z,catlins-inn,
Curry Guru The Malabar Kitchen,2021-08-03T03:16:06.591Z,2021-08-03T03:16:06.591Z,curry-guru-the-malabar-kitchen,
South Sea Hotel,2021-08-03T09:04:50.255Z,2021-08-08T05:13:53.576Z,south-sea-hotel,
The Courthouse Cafe,2021-08-08T05:16:29.611Z,2021-08-08T05:29:54.011Z,courthouse-cafe,
Kika,2021-08-08T05:23:48.837Z,2021-08-08T05:23:48.837Z,_kika,
The Gipsy Moth,2021-08-08T05:26:46.641Z,2021-08-08T05:26:46.641Z,the-gipsy-moth,
Dejeuner,2021-08-13T09:21:08.191Z,2021-08-13T09:21:08.191Z,dejeuner,
Kapadokya Mediterranean & Turkish Cuisine,2021-09-10T08:14:21.651Z,2021-09-10T08:14:21.651Z,kapadokya-mediterranean-turkish-cuisine,
Spring Patisserie & Cafe,2021-09-11T01:25:25.958Z,2021-09-11T01:25:25.958Z,spring-patisserie-cafe,
Saigon Lunch Bar,2021-09-18T01:23:03.153Z,2021-09-18T01:23:03.153Z,saigon-lunch-bar,
Indian Summer,2021-09-24T09:05:55.186Z,2021-09-24T09:05:55.186Z,indian-summer,
Sony Cafe,2021-09-25T01:58:17.785Z,2021-09-25T01:58:17.785Z,sony-cafe,
Namaste Bharat Indian Restaurant,2021-10-01T07:08:18.784Z,2021-10-01T07:08:18.784Z,namaste-bharat-indian-restaurant,
Pita Pit,2021-10-02T03:17:19.694Z,2021-10-02T03:17:19.694Z,pita-pit,
Lone Star,2021-10-08T07:20:22.828Z,2021-10-08T07:20:22.828Z,lone-star,
Cafe Jacko,2021-10-10T08:11:29.334Z,2021-10-10T08:11:29.334Z,cafe-jacko,
Thai House Express,2021-10-15T05:42:37.852Z,2021-10-15T05:42:37.852Z,thai-house-express,
The Daily Grind,2021-10-16T01:34:08.078Z,2021-10-16T01:34:08.078Z,the-daily-grind,
Le Cafe Telephonique,2021-10-24T21:52:13.693Z,2024-10-25T04:14:08.801Z,le-cafe-telephonique,
Tejano Cantina,2021-10-24T22:03:58.767Z,2021-10-24T22:47:39.898Z,tejano-taupo-cantina,
Pauly's Diner,2021-10-24T22:18:27.001Z,2022-10-23T19:23:24.017Z,pauly-s-diner,
Oreti Restaurant,2021-10-24T22:36:09.263Z,2021-10-24T22:36:09.263Z,oreti-restaurant,
Hydro Eatery,2021-10-24T22:45:45.219Z,2021-10-24T22:45:45.219Z,hydro-eatery,
Table 188,2021-10-29T23:32:14.721Z,2021-10-29T23:32:14.721Z,table-188,
Phil and Jo's Cafe,2021-10-30T02:53:12.264Z,2021-10-30T02:53:12.264Z,phil-and-jo-s-cafe,
Breakers,2021-11-05T06:41:31.754Z,2021-11-05T06:41:31.754Z,breakers,
Boho Cafe,2021-11-06T00:41:08.667Z,2021-11-14T03:57:42.578Z,boho-cafe,
Beaver & Bear,2021-11-19T06:55:59.952Z,2021-11-19T06:55:59.952Z,beaver-bear,
Rumour Has It,2021-11-20T22:19:13.535Z,2021-11-20T22:19:13.535Z,rumour-has-it,
Hanamizuki Japanese Restaurant,2021-11-26T06:14:02.217Z,2021-11-26T06:14:02.217Z,hanamizuki-japanese-restaurant,
Delish Cafe,2021-11-27T04:11:59.483Z,2021-11-27T04:11:59.483Z,delish-cafe,
Fire Home,2021-12-04T03:40:40.191Z,2021-12-04T03:40:40.191Z,fire-home,
Amayjen,2021-12-04T03:54:10.900Z,2021-12-04T03:54:10.900Z,amayjen,
Carl's Jr,2021-12-08T06:40:02.024Z,2021-12-08T06:43:40.051Z,carl-s-jr,
Southern Cross Garden Bar Restaurant,2021-12-12T05:46:01.958Z,2023-04-07T03:38:39.510Z,southern-cross-garden-bar-restaurant,
Caffe L'affare,2021-12-12T06:00:01.765Z,2024-06-01T02:59:51.433Z,caffe-l-affare,
Coffee Plus +,2021-12-20T07:16:49.144Z,2021-12-20T07:16:49.144Z,coffee-plus,
Licorice Cafe,2021-12-20T07:20:31.869Z,2021-12-20T07:20:31.869Z,licorice-cafe,
"Turangi Bridge Motel, Bar & Restaurant",2021-12-20T07:25:23.861Z,2023-10-21T22:37:35.107Z,turangi-bridge-motel-bar-restaurant,
Riverside Bar & Restaurant,2021-12-20T07:27:39.743Z,2021-12-20T07:27:39.743Z,riverside-bar-restaurant,
Wairakei Resort Taupo,2021-12-20T07:30:05.054Z,2021-12-20T07:45:52.079Z,wairakei-resort-taupo,
Flat Hills Cafe & Tourist Park,2021-12-30T06:32:04.192Z,2021-12-30T06:40:19.655Z,flat-hills-cafe,
Creel Tackle House & Cafe,2021-12-30T06:33:49.543Z,2021-12-30T06:33:49.543Z,creel-tackle-house-cafe,
Chada Thai,2021-12-31T22:34:21.459Z,2021-12-31T22:34:21.459Z,chada-thai,
Cafe Cuba,2022-01-01T04:19:13.027Z,2022-01-01T04:24:16.153Z,cafe-cuba,
Cafe Brie,2022-01-08T00:16:54.387Z,2022-01-08T00:16:54.387Z,cafe-brie,
Libre,2022-01-21T06:51:54.470Z,2022-01-21T06:52:19.895Z,libre,
Provenance,2022-01-21T06:55:22.117Z,2022-01-21T06:55:22.117Z,provenance,
Cravings Cafe,2022-01-22T00:49:11.936Z,2022-01-22T00:49:11.936Z,cravings-cafe,
London Quay Cafe,2022-01-28T07:18:11.768Z,2022-01-28T07:18:11.768Z,london-quay-cafe,
Toastie Picton,2022-01-28T07:26:20.591Z,2022-01-28T07:26:20.591Z,toastie-picton,
Chinatown Chinese Restaurant,2022-01-28T07:28:56.845Z,2022-01-28T07:28:56.845Z,chinatown-chinese-restaurant,
Bay of Many Coves,2022-01-28T07:36:16.223Z,2022-01-28T07:36:16.223Z,bay-of-many-coves,
Kilim,2022-01-28T07:48:58.471Z,2024-12-22T00:34:43.779Z,kilim,
Hungry Horse Cafe,2022-01-29T03:25:54.524Z,2022-01-29T03:25:54.524Z,hungry-horse-cafe,
Cafe Royale,2022-02-12T05:09:54.134Z,2022-02-12T05:09:54.134Z,cafe-royale,
Best Ugly Bagels,2022-02-12T21:33:41.631Z,2022-07-24T23:53:57.952Z,best-ugly-bagel,
Hayz at the Anchorage,2022-02-12T21:38:20.962Z,2022-02-12T21:38:20.962Z,hayz-at-the-anchorage,
Indian Sweets & Snacks,2022-02-12T21:41:04.341Z,2022-02-12T21:41:04.341Z,indian-sweets-snacks,
Manapouri Cafe & Dairy,2022-02-12T21:43:18.487Z,2022-02-12T21:43:18.487Z,manapouri-cafe-dairy,
Pinch of Spice,2022-02-12T21:47:43.528Z,2022-02-12T21:47:43.528Z,pinch-of-spice,
ReBurger,2022-02-19T06:01:03.522Z,2022-02-19T06:01:03.522Z,reburger,
Cafe Eminem,2022-04-02T06:14:58.824Z,2022-04-02T06:18:51.015Z,cafe-eminem,
The Verdict,2022-04-09T01:14:52.979Z,2026-01-17T08:24:19.962Z,the-verdict,
Flavour ,2022-04-21T04:41:25.175Z,2022-04-21T04:41:25.175Z,flavour,
Pho Nem Hanoi Home Cooking,2022-04-22T09:17:12.852Z,2022-04-22T09:19:05.744Z,pho-nem-hanoi-home-cooking,
Nourish Cafe & Deli,2022-04-30T01:39:21.208Z,2022-04-30T01:39:21.208Z,nourish-cafe-deli,
Beyond Coffee,2022-05-07T01:41:39.094Z,2022-05-07T01:41:39.094Z,beyond-coffee,
Dragonfly,2022-05-20T05:45:22.445Z,2025-04-18T21:51:31.693Z,dragonfly,
Leuven Belgium Beer Cafe,2022-05-20T05:56:37.710Z,2022-05-20T05:56:37.710Z,leuven-belgium-beer-cafe,
Mekong Restaurant,2022-06-03T08:21:53.654Z,2022-06-03T08:21:53.654Z,mekong-restaurant,
Common Ground Cafe,2022-06-30T08:19:02.372Z,2022-06-30T08:19:02.372Z,common-ground-cafe,
Joseph Street Kitchen,2022-07-02T03:06:50.331Z,2022-07-02T03:06:50.331Z,joseph-street-kitchen,
Khandallah Trading Company,2022-07-24T09:16:14.948Z,2022-07-24T23:36:16.478Z,khandallah-trading-company,
Homestead Brewery,2022-07-28T02:01:51.594Z,2022-07-28T02:01:51.594Z,homestead-brewery,
Wildflower,2022-07-28T02:04:46.943Z,2022-07-28T02:04:46.943Z,wildflower,
The Victoria Tavern,2022-09-02T09:44:37.580Z,2022-10-27T09:24:33.359Z,the-victoria-tavern,
Yatra Restaurant,2022-09-10T09:21:16.283Z,2022-09-10T09:21:16.283Z,yatra-restaurant,
Curry Leaf,2022-09-27T07:05:37.800Z,2022-09-27T07:05:37.800Z,curry-leaf,
Kanama Kopi Kadai,2022-09-30T05:51:31.646Z,2022-09-30T05:51:31.646Z,kanama-kopi-kadai,
Tandoori Dhaba,2022-10-07T06:08:48.589Z,2022-10-07T06:08:48.589Z,tandoori-dhaba,
Queen Sally's Diamond Deli,2022-10-15T00:15:34.002Z,2025-04-12T03:36:40.306Z,queen-sally-s-diamond-deli,
Viv's Kitchen,2022-10-21T19:22:23.720Z,2022-10-21T19:22:23.720Z,viv-s-kitchen,
Turangi Tavern,2022-10-23T19:32:01.886Z,2022-10-23T19:32:01.886Z,turangi-tavern,
The Mess Tent,2022-10-23T19:47:17.078Z,2022-10-23T19:47:17.078Z,the-mess-tent,
Kelburn Village Pub,2022-10-28T18:35:37.722Z,2022-10-28T18:35:37.722Z,kelburn-village-pub,
Burger Liquor,2022-10-31T08:28:39.208Z,2024-06-04T08:40:48.861Z,burger-liquor,
Bottega - CLOSED,2022-11-04T06:02:27.459Z,2024-02-23T06:05:05.415Z,bottega,
Mingle Cafe & Eatery,2022-11-12T01:27:45.832Z,2022-11-12T01:28:16.639Z,mingle-cafe-eatery,
Sprig + Fern Tavern,2022-11-12T06:00:42.288Z,2022-11-12T06:00:42.288Z,sprig-fern-tavern,
The Botanist,2022-11-18T08:58:43.597Z,2024-11-15T23:10:58.584Z,the-botanist,
Loretta,2022-11-19T08:09:32.195Z,2023-11-12T07:58:00.259Z,loretta,
Spice Traders,2022-11-25T07:12:25.642Z,2022-11-25T07:16:54.890Z,spice-traders,
Wholly Bagels & Pizza,2022-12-02T06:37:57.500Z,2022-12-02T06:37:57.500Z,wholly-bagels-pizza,
Trax Cafe & Bar,2022-12-13T06:37:43.380Z,2022-12-13T06:37:43.380Z,trax-cafe-bar,
Where's Charlie?,2022-12-16T06:45:29.256Z,2022-12-16T06:45:29.256Z,where-s-charlie,
Gorilla Burger,2022-12-22T07:34:51.696Z,2024-08-31T05:20:20.635Z,brew-d,
Lunch Money,2022-12-30T21:58:05.921Z,2022-12-30T21:58:05.921Z,lunch-money,
Wildfire Churrascaria,2022-12-31T07:30:08.482Z,2024-01-29T08:35:48.246Z,wildfire-churrascaria,
Bay Plaza Hotel Restaurant,2023-01-09T07:49:56.903Z,2023-01-09T19:31:07.332Z,bay-plaza-hotel-restaurant,
Valentino's ,2023-01-19T07:21:47.259Z,2023-01-19T07:21:47.259Z,valentino-s,
Baked With Love,2023-01-26T07:46:14.629Z,2023-01-26T07:46:14.629Z,baked-with-love,
Latitude 37 ,2023-01-26T07:49:09.475Z,2023-01-26T07:49:09.475Z,latitude-37,
The Quay Cafe,2023-01-26T07:50:52.936Z,2024-02-18T19:39:40.867Z,the-quay-cafe,
Rust Licensed Gourmet Burger Bar,2023-01-26T08:01:29.641Z,2023-01-26T08:01:29.641Z,rust-licensed-gourmet-burger-bar,
Mother of Coffee,2023-01-26T08:11:59.154Z,2023-01-26T08:11:59.154Z,mother-of-coffee,
Swagat India Brooklyn,2023-02-03T06:47:02.619Z,2023-02-03T06:47:02.619Z,swagat-india-brooklyn,
KFC,2023-02-17T06:46:56.795Z,2023-02-17T06:46:56.795Z,__kfc,
Yum Yum House,2023-02-24T06:00:57.825Z,2023-02-24T06:00:57.825Z,yum-yum-house,
Adzuki Bean Cafe & Restaurant,2023-02-25T03:22:11.291Z,2023-02-25T03:22:11.291Z,adzuki-bean-cafe-restaurant,
Parrotdog Brewery,2023-03-02T08:59:02.493Z,2024-12-19T10:17:37.166Z,parrotdog,
Indian Alley Wakefield Restaurant & Bar,2023-03-10T06:17:30.082Z,2024-11-27T08:16:07.635Z,indian-alley-wakefield-restaurant-and-bar,
Double Vision Brewery,2023-03-25T02:55:52.205Z,2023-11-25T02:56:54.501Z,double-vision-brewery,
Pickles Perch,2023-04-08T06:30:27.658Z,2023-04-08T06:30:27.658Z,pickles-perch,
Saigon Taste,2023-04-14T08:33:38.590Z,2023-04-14T08:33:38.590Z,saigon-taste,
Wilson Barbeque,2023-05-05T08:24:19.719Z,2023-05-05T08:24:19.719Z,wilson-barbeque,
English Dhaba,2023-05-12T07:36:18.378Z,2023-05-12T07:36:18.378Z,english-dhaba,
Captain Andy's Beach Bar & Grill,2023-05-14T08:15:44.481Z,2023-05-17T06:20:37.479Z,captain-andy-s-beach-bar-grill,
Vaima Restaurant & Bar,2023-05-16T05:25:45.806Z,2023-05-16T05:30:35.243Z,vaima-restaurant-bar,
Kai & Co,2023-05-16T05:32:47.715Z,2023-05-16T05:32:47.715Z,kai-co,
Little Polynesian Resort,2023-05-17T02:55:09.532Z,2023-05-17T02:55:09.532Z,little-polynesian-resort,
The Plaza,2023-05-27T03:06:29.739Z,2023-05-27T03:06:29.739Z,the-plaza,
The Inn Keeper of Johnsonville,2023-05-27T03:26:01.347Z,2023-05-27T03:26:01.347Z,the-inn-keeper-of-johnsonville,
Kopi-Tiam Cafe,2023-05-29T05:53:32.143Z,2023-05-29T05:53:32.143Z,kopi-tiam-cafe,
The Office Public House,2023-06-02T07:24:57.457Z,2023-06-02T07:24:57.457Z,the-office-public-house,
The Shepherds Arms Hotel,2023-06-09T07:27:05.962Z,2023-06-09T07:27:05.962Z,the-shepherds-arms-hotel,
Sierra Cafe,2023-06-15T21:26:16.791Z,2023-06-15T21:26:16.791Z,sierra-cafe,
Coffee Culture,2023-06-19T05:04:29.243Z,2023-06-19T05:04:29.243Z,coffee-culture,
Riverstone Kitchen,2023-06-19T05:05:32.639Z,2023-06-19T05:05:32.639Z,riverstone-kitchen,
Valentines,2023-06-19T05:06:24.116Z,2023-06-19T05:06:24.116Z,valentines,
Nando's,2023-07-07T07:10:38.986Z,2023-07-07T07:10:38.986Z,nando-s,
Whistling Sisters Beer Co,2023-07-08T03:18:37.697Z,2023-07-08T03:18:37.697Z,whistling-sisters-beer-co,
Scorch O Rama,2023-07-19T07:15:44.543Z,2024-11-15T23:10:43.550Z,scorch-o-rama,
Taco Loco Cantina,2023-07-19T07:19:42.285Z,2023-07-19T07:19:42.285Z,taco-loco-cantina,
Playlab Cafe,2023-07-19T07:21:46.756Z,2023-07-19T08:55:08.915Z,playlab-cafe,
Kebabs on Queen,2023-07-21T08:28:07.001Z,2023-07-21T08:28:07.001Z,kebabs-on-queen,
Tequila Joe's,2023-07-28T08:07:04.403Z,2023-07-28T08:07:04.403Z,tequila-joe-s,
Damascus Genuine Syrian Flavours,2023-07-29T06:02:59.064Z,2024-09-27T09:43:32.716Z,damascus-genuine-syrian-flavours,
Botswana Butchery,2023-08-04T08:22:22.734Z,2023-08-04T08:22:22.734Z,botswana-butchery,
The Spice Room,2023-08-04T08:27:45.168Z,2023-08-04T08:27:45.168Z,the-spice-room,
Pembroke Patisserie,2023-08-05T05:38:42.874Z,2023-08-05T05:40:48.488Z,pembroke-patisserie,
Kai Whakapai,2023-08-05T05:53:32.259Z,2023-08-05T05:53:32.259Z,kai-whakapai,
Reflections,2023-08-06T04:22:35.542Z,2023-08-06T04:22:35.542Z,reflections,
Tarras Country Cafe,2023-08-06T04:27:37.879Z,2023-08-06T04:27:37.879Z,tarras-country-cafe,
Miss Lucy's,2023-08-06T09:14:40.017Z,2023-08-06T09:14:40.017Z,miss-lucy-s,
Romans Kitchen,2023-08-11T05:24:13.863Z,2023-08-11T05:24:13.863Z,romans-kitchen,
Hillside Kitchen,2023-08-11T10:07:11.986Z,2023-08-11T10:07:11.986Z,hillside-kitchen,
Ohtel Pantry,2023-08-25T07:36:04.646Z,2023-08-25T07:36:04.646Z,ohtel-pantry,
The Residence,2023-08-25T07:42:24.863Z,2023-08-25T07:42:24.863Z,the-residence,
Orient,2023-08-26T06:41:01.072Z,2023-08-26T06:41:01.072Z,orient,
CoCo at The Roxy,2023-09-02T09:04:23.632Z,2023-09-02T09:04:23.632Z,coco-at-the-roxy,
Havana Bar,2023-09-08T10:20:01.949Z,2024-11-12T07:33:00.908Z,havana-bar,
Pandan Asian Cuisine,2023-09-22T07:20:18.481Z,2023-09-22T07:20:18.481Z,pandan-asian-cuisine,
Burger Wisconsin,2023-10-06T05:11:41.056Z,2023-10-06T05:11:41.056Z,burger-wisconsin,
Upesh Kitchen,2023-10-13T06:34:21.570Z,2023-10-13T06:34:21.570Z,upesh-kitchen,
Jack Hackett's Irish Pub,2023-10-18T09:19:11.959Z,2023-10-18T09:19:11.959Z,jack-hackett-s-irish-pub,
Rustic Eating House,2023-10-20T05:04:32.805Z,2023-10-20T05:04:32.805Z,rustic-eating-house,
Hare & Copper Eatery,2023-10-21T03:21:47.897Z,2023-10-21T03:21:47.897Z,hare-copper-eatery,
Baked With Love Cafe & Cakery,2023-10-21T03:36:41.594Z,2023-10-21T03:36:41.594Z,baked-with-love-cafe-cakery,
Taihape Bakery & Cafe,2023-10-22T07:01:30.173Z,2023-10-22T07:23:17.872Z,taihape-bakery-cafe,
Top Kitchen BBQ & Hot Pot,2023-10-27T07:14:17.567Z,2023-10-27T07:14:17.567Z,top-kitchen-bbq-hot-pot,
Top Taste Restaurant,2023-11-03T07:18:46.132Z,2023-11-03T07:18:46.132Z,top-taste-restaurant,
The Old Quarter,2023-11-17T07:51:04.510Z,2023-11-24T06:35:35.499Z,the-old-quarter,
Arcimboldi,2023-11-24T06:46:48.922Z,2023-11-24T06:46:48.922Z,arcimboldi,
Madly Indian,2023-12-08T00:32:34.244Z,2023-12-08T00:32:34.244Z,madly-indian,
Rothko,2023-12-08T00:45:28.416Z,2023-12-08T00:45:28.416Z,rothko,
Nanny's Eatery,2023-12-08T00:54:50.622Z,2023-12-08T00:54:50.622Z,nanny-s-eatery,
Braaihut,2023-12-08T01:00:26.496Z,2023-12-08T01:00:26.496Z,braaihut,
Pukenui Pacific Restaurant & Bar,2023-12-08T01:07:23.472Z,2023-12-08T01:07:23.472Z,pukenui-pacific-restaurant-bar,
Zane Grey's Restaurant & Bar,2023-12-08T01:15:22.758Z,2023-12-08T01:15:22.758Z,zane-grey-s-restaurant-bar,
Amador,2023-12-15T07:13:41.135Z,2023-12-15T07:13:41.135Z,amador,
Spice Paradise,2024-01-04T07:09:47.417Z,2024-01-04T07:11:50.278Z,spice-paradise,
Concord Bistro & Bar,2024-01-19T06:51:06.191Z,2024-01-19T06:51:06.191Z,concord-bistro-bar,
Boulcott Street Bistro,2024-01-29T08:17:22.210Z,2024-01-29T08:44:03.110Z,boulcott-street-bistro,
Maranui Cafe,2024-01-29T08:43:23.265Z,2024-01-29T08:43:23.265Z,maranui-cafe,
Dumpling'd,2024-02-02T07:22:28.548Z,2024-12-22T08:40:42.150Z,dumpling-d,
Floating Rock Cafe,2024-02-18T19:41:31.795Z,2024-02-18T19:41:31.795Z,floating-rock-cafe,
Araucaria,2024-02-23T06:03:23.536Z,2024-02-23T06:03:23.536Z,araucaria,
Genghis Khan,2024-03-02T05:04:49.521Z,2024-03-02T05:06:33.118Z,genghis-khan,
Yellow Chilli Indian Restaurant,2024-03-08T06:49:29.494Z,2024-03-08T06:49:29.494Z,yellow-chilli-indian-restaurant,
Hey Ramen,2024-03-15T06:14:31.624Z,2024-03-15T06:14:31.624Z,hey-ramen,
Autobahn Cafe,2024-03-20T07:31:19.770Z,2024-03-20T07:31:19.770Z,autobahn-cafe,
Hotties Beachfront Eatery,2024-03-20T07:40:27.361Z,2024-03-20T07:40:27.361Z,hotties-beachfront-eatery,
Little Blue Kitchen,2024-03-20T07:48:21.025Z,2024-03-20T07:48:21.025Z,little-blue-kitchen,
The Vessel,2024-03-20T07:52:27.430Z,2024-03-20T07:52:27.430Z,the-vessel,
The Cheese Barn at Matatoki,2024-03-20T07:57:48.203Z,2024-03-20T07:57:48.203Z,the-cheese-barn-at-matatoki,
The Ramen Shop,2024-03-21T07:00:54.658Z,2024-03-21T07:00:54.658Z,the-ramen-shop,
Thistle Inn,2024-04-05T09:03:38.396Z,2024-04-05T09:03:38.396Z,thistle-inn,
El Barrio,2024-04-19T09:42:07.334Z,2024-04-19T09:45:30.973Z,el-barrio,
Jeff Cafe Limited,2024-04-26T08:07:05.899Z,2024-04-26T08:07:05.899Z,jeff-cafe-limited,
Shanghai Restaurant,2024-04-29T10:35:53.478Z,2024-04-29T10:35:53.478Z,shanghai-restaurant,
Empire Cinema & Eatery,2024-05-03T10:20:34.173Z,2024-05-03T10:20:34.173Z,empire-cinema-eatery,
Whitby's Restaurant and Bar,2024-05-10T10:38:39.877Z,2024-05-10T10:38:39.877Z,whitby-s-restaurant-and-bar,
Daisy's,2024-06-07T05:19:34.607Z,2024-06-07T05:19:34.607Z,daisy-s,
Alasia Seafood (Joe's Cook Miramar),2024-06-08T08:18:14.449Z,2024-06-08T08:18:14.449Z,alasia-seafood-joe-s-cook-miramar,
The Pizza Castle - Dannevirke,2024-06-14T10:23:20.834Z,2024-06-14T10:25:24.100Z,pizza-castle,
Wallingford Homestead,2024-06-15T20:51:35.556Z,2024-06-15T20:51:35.556Z,wallingford-homestead,
Chilli Peppers,2024-06-27T06:58:06.755Z,2024-06-27T06:58:06.755Z,chilli-peppers,
Chipmunks Playland and Cafe,2024-06-30T03:26:44.253Z,2024-06-30T03:26:44.253Z,chipmunks-playland-and-cafe,
Dirty Little Secret,2024-07-02T11:06:18.041Z,2024-07-02T11:06:18.041Z,dirty-little-secret,
The Cutting Sports Cafe / Long Thai,2024-07-05T07:17:17.804Z,2024-07-05T07:17:17.804Z,the-cutting-sports-cafe---long-thai,
The Walrus' Bucket List,2024-07-12T09:03:19.164Z,2024-07-12T09:03:19.164Z,the-walrus-bucket-list,
Ayhan’s Turkish Cafe ,2024-07-19T00:03:15.069Z,2024-07-19T00:03:15.069Z,ayhan-s-turkish-cafe,
Embers Woodfired Pizza Restaurant,2024-07-21T06:45:32.495Z,2024-07-21T06:45:32.495Z,embers-woodfired-pizza-restaurant,
Oakover Grounds,2024-07-21T07:03:07.804Z,2024-07-21T07:03:07.804Z,oakover-grounds,
The River,2024-07-21T07:17:45.562Z,2024-07-21T07:17:45.562Z,the-river,
Golden Dragon Chinese Restaurant,2024-07-22T01:07:23.715Z,2024-07-22T01:07:23.715Z,golden-dragon-chinese-restaurant,
Sidekick Cafe ,2024-07-22T07:50:07.993Z,2024-07-22T07:50:27.158Z,sidekick-cafe,
Sons of Naples ,2024-07-23T00:43:40.429Z,2024-07-23T00:43:40.429Z,sons-of-naples,
Better Choice Cafe,2024-07-24T09:17:54.537Z,2024-07-24T09:17:54.537Z,better-choice-cafe,
Red Rooster,2024-07-24T09:28:39.857Z,2024-07-24T09:28:39.857Z,red-rooster,
The BBQ Father & Deli,2024-07-24T10:45:27.100Z,2024-07-24T10:45:27.100Z,the-bbq-father-deli,
Exhale Exmouth,2024-07-25T12:01:58.277Z,2024-07-25T12:01:58.277Z,exhale-exmouth,
The Dining Room at The Headwaters Eco Lodge,2024-08-09T09:13:22.865Z,2024-08-09T09:13:22.865Z,the-dining-room-at-the-headwaters-eco-lodge,
Mr Glen's Taphouse & Tapas,2024-08-10T07:24:01.110Z,2024-08-10T07:24:01.110Z,mr-glen-s-taphouse-tapas,
The Green Man Pub,2024-08-23T21:35:43.819Z,2024-08-23T21:35:43.819Z,the-green-man-pub,
Mekong Cafe,2024-09-07T07:49:22.284Z,2024-09-07T07:49:22.284Z,mekong-cafe,
Taco Bell,2024-09-13T08:13:24.300Z,2024-09-13T08:13:24.300Z,taco-bell,
Scopa Pizzeria,2024-10-04T08:39:38.746Z,2024-10-04T08:39:38.746Z,scopa-pizzeria,
Hyderabadi House,2024-10-11T06:55:13.449Z,2024-10-11T06:55:13.449Z,hyderabadi-house,
Rizzo's Pizzeria & Kitchen,2024-10-18T07:01:46.985Z,2024-10-18T07:01:46.985Z,rizzo-s-pizzeria-kitchen,
Golden Crust Pizza,2024-10-25T06:26:02.197Z,2024-10-25T06:26:02.197Z,golden-crust-pizza,
Suncourt Indian,2024-10-26T05:56:44.108Z,2024-10-26T05:56:44.108Z,suncourt-indian,
Fast Lane Restaurant,2024-10-27T07:05:28.376Z,2024-10-27T07:05:28.376Z,fast-lane-restaurant,
Aroy Thai Eatery,2024-10-31T07:17:45.789Z,2024-10-31T07:17:45.789Z,aroy-thai-eatery,
NZ Kebab & Pizza House,2024-11-01T08:33:30.436Z,2024-11-01T08:33:30.436Z,nz-kebab-pizza-house,
Stratosfare Restaurant & Bar,2024-11-02T02:02:14.823Z,2024-11-02T02:02:14.823Z,stratosfare-restaurant-bar,
Urban Gusto,2024-11-02T08:38:00.332Z,2024-11-02T08:38:00.332Z,urban-gusto,
The Rusty Bros,2024-11-03T03:00:40.969Z,2024-11-03T03:01:14.951Z,the-rusty-bros,
A1 Takeaways Hong Kong Style BBQ,2024-11-08T06:36:31.866Z,2024-11-08T06:36:31.866Z,a1-takeaways-hong-kong-style-bbq,
The Tasting Room,2024-11-24T10:19:41.247Z,2024-11-24T10:19:41.247Z,the-tasting-room,
Wei,2024-11-29T07:55:34.865Z,2024-11-29T07:55:34.865Z,__wei,
1841 Bar and Restaurant,2024-12-06T06:27:02.832Z,2024-12-06T06:27:34.746Z,1841-bar-and-restaurant,
Saffron Haveli,2024-12-07T00:52:05.771Z,2024-12-07T00:52:05.771Z,saffron-haveli,
Basin Noodle House,2024-12-20T07:04:33.870Z,2024-12-20T07:04:33.870Z,basin-noodle-house,
Firebird,2024-12-27T21:55:42.658Z,2024-12-27T21:58:12.398Z,firebird,
Windermere Berry Farm,2024-12-27T21:57:44.485Z,2024-12-27T21:57:44.485Z,windermere-berry-farm,
Indian Indulgence,2025-01-04T03:37:08.267Z,2025-01-04T03:37:08.267Z,indian-indulgence,
King Cafe ,2025-01-04T03:39:51.889Z,2025-01-04T03:39:51.889Z,king-cafe,
Thai Country Cafe,2025-01-31T07:49:46.363Z,2025-01-31T07:49:46.363Z,thai-country-cafe,
Babaili Hot Pot Restaurant,2025-02-14T08:27:22.140Z,2025-02-14T08:27:22.140Z,babaili-hot-pot-restaurant,
